grupo,area,areacod,num,profes,est,salario,especie,lineas,jovinpre,artb,ponnal,ponint,otros,matripos,joinvcol,proyext,mov,centrosex,arta,caplibr,libr,patentes,gmaesdoc,inves,sumah,hmax,numproy,invesjun,gmaes,codi
Agro,CIENCIAS,1,1,1.495148778,1.316408277,6.174165249,0.693147182,1.791759491,0,2.483749628,0,0,0.693147182,1.316408277,0,0,0,0,1.391446471,0,0,0,0.405465096,0.810930192,0,0,0,0.693147182,0.693147182,0
Algebra,CIENCIAS,1,2,2.00955534,0,7.301939964,0.693147182,2.079441547,1.098612309,2.380313635,0,0,1.098612309,0,0,0,1.609437943,0,1.496705651,0,0,0,0.405465096,1.011600971,0,0,1.098612309,1.098612309,0.693147182,3.653799534
GIAN,SALUD,3,3,2.093097925,1.593308568,7.497568607,5.684363365,1.791759491,1.098612309,2.838749647,0,0,2.197224617,1.593308568,0.693147182,6.158903599,1.609437943,0,2.072948217,1.098612309,0,0,0.405465096,1.704748034,2.639057398,1.386294365,1.791759491,1.386294365,0.693147182,3.792150497
Multiv,CIENCIAS,1,4,1.593308568,0,7.433010578,0.693147182,1.791759491,1.386294365,2.380313635,0,0,0,0,0,0,0.693147182,0,2.626437664,0,0,0,0.405465096,0,2.302585125,1.791759491,1.609437943,0,0.693147182,3.209154606
ANFI,CIENCIAS,1,5,1.004301667,0,5.395199299,0.693147182,1.098612309,0,1.809641361,0,1.609437943,1.386294365,0,0,0,0.693147182,0,0,0,0,0,0,0.559615791,0,0,0,0,0,0
AEE,SOCIALES,4,6,2.234306335,0,7.320903778,1.288020968,1.386294365,1.098612309,0,0,0,0,0,0,2.287224054,1.098612309,0,0,0,1.098612309,0,0.405465096,0.405465096,0,0,0,0.693147182,0.693147182,3.057160378
AMP,SOCIALES,4,7,1.646733642,0.693147182,6.572332382,3.361849785,2.197224617,0.693147182,2.07083869,0,0,2.397895336,0.693147182,0,1.953944564,0,0,0,0,0,0,0,0.559615791,0,0,0.693147182,0,0,0
B&C,SALUD,3,8,1.800058246,0.900161326,6.908779144,3.504363298,1.098612309,0.693147182,1.809641361,0,0,0,0.900161326,0,3.083751202,0,0,2.430263996,0,0,0,0.693147182,0.810930192,1.791759491,1.386294365,0.693147182,0.693147182,0,3.792107105
BIOALI,CIENCIAS,1,9,1.646733642,1.495148778,6.462194443,4.075948238,1.945910096,1.098612309,1.809641361,0,0,0,1.495148778,0,4.589164257,0,0,1.493394971,1.098612309,0,0,0,0.810930192,1.791759491,1.386294365,1.609437943,0.693147182,0,3.074700832
BIOMA,CIENCIAS,1,10,1.386294365,1.536867261,6.524782181,1.164451122,1.386294365,1.098612309,0,0,0,0,1.536867261,0.693147182,6.341433048,0,0,0,0,0,0,0.405465096,0.91629076,0,0,1.791759491,1.386294365,0.693147182,4.254920483
Biogenesis,SALUD,3,11,1.745715499,1.366091609,7.273322105,0.693147182,2.302585125,0.693147182,2.838749647,0,0,0.693147182,1.366091609,1.386294365,6.228128433,1.386294365,0,2.809254169,0,0,0,1.386294365,1.609437943,2.639057398,2.197224617,1.386294365,1.945910096,1.945910096,4.387012005
CIB,SALUD,3,12,1.241268635,1.432700753,5.763399601,0.693147182,1.609437943,0,2.07083869,0,0,0,1.432700753,0.693147182,0,0.693147182,0,2.560224056,0,0,0,0.693147182,1.386294365,3.135494232,2.890371799,0,1.609437943,0,0
ByC,SALUD,3,13,1.098612309,1.366091609,6.325646877,0.693147182,1.609437943,1.098612309,2.380313635,0,0,0.693147182,1.366091609,0,0,1.098612309,0,0.891346335,0,0,0,1.098612309,1.098612309,2.484906673,2.484906673,1.098612309,1.098612309,0,4.044754028
BCEI,CIENCIAS,1,14,1.386294365,1.865629315,6.751989841,4.17436552,2.397895336,1.386294365,2.248443365,0,0,0.693147182,1.865629315,1.098612309,7.149804115,0,0,3.211548805,1.098612309,0,0,1.704748034,1.83258152,3.33220458,2.639057398,2.197224617,1.098612309,1.791759491,5.509158611
Biodont,SALUD,3,15,1.492904067,0,5.612704277,3.16682601,1.609437943,0.693147182,2.483749628,0,1.098612309,0,0,0,0,0,0,0,0,0,0,0,0,0,0,1.386294365,0,0,0
BIOPOLIMER,SALUD,3,16,0.693147182,1.745715499,5.110293388,4.728717327,1.791759491,1.098612309,1.809641361,0,0,0,1.745715499,1.609437943,6.874796391,0,0,2.054489374,0,0,0,0.91629076,1.098612309,1.609437943,1.609437943,1.386294365,1.098612309,0.693147182,3.832702637
Bioprocesos,INGENIERIA,2,17,2.034705639,1.69744873,7.211287022,4.069046021,2.079441547,0.693147182,2.248443365,0,1.609437943,1.098612309,1.69744873,0,5.96200037,1.609437943,0.693147182,2.235570192,0,0,0,0.693147182,1.252762914,2.302585125,1.791759491,1.386294365,1.386294365,1.098612309,4.330166817
Biotecnologia,CIENCIAS,1,18,1.553925157,2.034705639,7.016515732,4.251555443,1.386294365,1.386294365,2.698871136,0,0,0.693147182,2.034705639,1.386294365,8.32005024,1.098612309,0.693147182,2.268953085,0,1.386294365,1.945910096,0.693147182,1.65822804,1.791759491,1.386294365,2.079441547,1.791759491,1.098612309,5.064850807
Catalisis,INGENIERIA,2,19,1.945910096,2.125847816,7.252840996,3.603304863,1.945910096,1.386294365,2.568000793,1.609437943,2.197224617,0,2.125847816,1.386294365,7.987934113,1.386294365,0.693147182,2.29984951,1.098612309,0,0,1.704748034,1.504077435,3.044522524,2.079441547,1.791759491,1.098612309,1.386294365,4.738536358
Catalizadores,CIENCIAS,1,20,1.609437943,1.822935104,6.458821774,3.94753027,1.791759491,1.386294365,2.248443365,1.945910096,0,0,1.822935104,0.693147182,6.784078598,0,0,2.181110859,0,0,0,0.91629076,1.178655028,0,0,2.079441547,0.693147182,0.693147182,4.810819149
CENTAURO,SALUD,3,21,3.05776763,2.23857975,8.263329506,2.857635021,2.564949274,1.098612309,2.751324892,2.944438934,1.098612309,2.197224617,2.23857975,1.098612309,7.974760056,1.609437943,0,2.941372156,0,0,0,1.791759491,2.169053793,3.737669706,2.302585125,2.079441547,2.564949274,2.397895336,4.566256046
CIDEMAT,INGENIERIA,2,22,2.500615835,2.365559816,7.937429905,5.967273235,1.945910096,1.386294365,2.875808716,3.496507645,3.091042519,1.945910096,2.365559816,0.693147182,8.509241104,2.079441547,0.693147182,3.226020575,2.197224617,0.693147182,0,1.945910096,2.11021328,3.610917807,2.197224617,2.302585125,1.791759491,2.197224617,4.72111845
Cienmat,CIENCIAS,1,23,1.386294365,2.00955534,6.958270073,4.126770973,1.609437943,1.386294365,2.483749628,0,1.098612309,0.693147182,2.00955534,0.693147182,6.560988903,0.693147182,0,3.105609894,0,0,0,1.386294365,1.609437943,3.135494232,2.77258873,1.791759491,1.098612309,0,4.370381355
GASURE,INGENIERIA,2,24,1.495148778,1.731655598,7.067468643,5.375480652,1.945910096,0.693147182,2.380313635,2.564949274,1.945910096,0,1.731655598,1.609437943,6.386988163,1.609437943,1.098612309,2.895232916,0,0,1.386294365,1.945910096,1.098612309,2.397895336,1.945910096,1.098612309,0,2.397895336,2.782655478
GRICAFDE,SALUD,3,25,2.123458385,0.900161326,7.215282917,3.055945396,1.791759491,0.693147182,2.248443365,0,1.609437943,1.098612309,0.900161326,0,0,0,0,1.636348486,1.098612309,0.693147182,0,1.098612309,1.178655028,0.693147182,0.693147182,1.098612309,1.386294365,1.609437943,0
Colombia,SOCIALES,4,26,1.297463179,0,6.52084589,0.693147182,1.098612309,1.098612309,2.638545036,1.609437943,0,1.386294365,0,0,1.402331114,0.693147182,0,0,2.397895336,0,0,1.098612309,1.098612309,0,0,1.098612309,1.609437943,1.098612309,2.79441762
COMPHOR,SOCIALES,4,27,1.786746979,0,6.583744049,3.432683945,2.397895336,1.386294365,2.248443365,1.609437943,2.564949274,0.693147182,0,0,2.591409445,1.609437943,0,0,1.609437943,0,0,0,0.405465096,0,0,1.098612309,0.693147182,0,3.290908575
Comprender,SOCIALES,4,28,2.093097925,0,6.868775368,0.693147182,1.098612309,0,2.698871136,2.708050251,0,0.693147182,0,0,0,1.098612309,0,0,1.098612309,0.693147182,0,1.098612309,1.098612309,0,0,0,1.609437943,0,3.697822094
Compersoc,SOCIALES,4,29,2.266957998,0.693147182,7.481408596,1.229811192,2.197224617,0.693147182,2.380313635,0,1.098612309,0.693147182,0.693147182,0.693147182,4.005752563,1.945910096,0,0.69658488,2.397895336,1.098612309,0,0.693147182,1.178655028,0.693147182,0.693147182,1.386294365,1.386294365,1.098612309,4.508606434
CFCH,SOCIALES,4,30,1.778336406,0,6.52915287,0.693147182,0.693147182,0,2.07083869,0,0,0,0,0,0,0.693147182,0,0,1.098612309,0,0,0.405465096,0.91629076,0.693147182,0.693147182,0,1.386294365,0.693147182,1.658242345
Pedagogia,SOCIALES,4,31,0.900161326,0.693147182,5.888236046,0.693147182,1.098612309,1.098612309,2.07083869,1.098612309,0,0,0.693147182,0,0,0,0,0,1.098612309,0.693147182,0,0,0,0,0,0.693147182,0,0,3.540834665
CPDS,SOCIALES,4,32,1.934415817,0,7.311553478,0.693147182,1.791759491,1.098612309,2.07083869,1.609437943,0,0,0,0,6.729773998,1.098612309,0,0,1.098612309,1.098612309,0,0.693147182,1.098612309,0,0,1.386294365,1.609437943,0,3.137217283
CVT,SOCIALES,4,33,1.415853143,0,6.774145603,4.314561844,1.791759491,1.098612309,2.248443365,1.098612309,1.098612309,0,0,1.386294365,0,1.609437943,0,0,1.098612309,0.693147182,0,0.405465096,0.91629076,0,0,0.693147182,1.386294365,0.693147182,4.179643631
Demografia,SOCIALES,4,34,1.564440489,0,6.686422825,2.88234973,1.609437943,0.693147182,2.698871136,0,0,1.386294365,0,0,6.770946026,0.693147182,0,2.612003326,1.609437943,0,0,0.405465096,0.559615791,1.386294365,1.098612309,1.386294365,0,0.693147182,0.961286247
Derecho,SOCIALES,4,35,2.339880943,0,7.612354755,2.702820539,2.079441547,1.098612309,2.797552586,1.609437943,1.098612309,1.386294365,0,0.693147182,1.096803665,1.386294365,0,0,1.098612309,1.386294365,0,0,1.252762914,0,0,1.945910096,1.791759491,0,4.48619318
DSESSN,SALUD,3,36,1.316408277,0,6.680935383,3.177637815,1.386294365,0.693147182,2.638545036,1.098612309,0,1.791759491,0,0,6.934354782,1.386294365,0,2.166633844,1.098612309,1.098612309,0,0.405465096,0.693147182,1.609437943,1.609437943,1.098612309,1.098612309,0.693147182,3.392065525
GDCON,INGENIERIA,2,37,1.098612309,2.313524961,6.362944603,6.771729946,2.302585125,1.386294365,2.875808716,0,1.098612309,1.386294365,2.313524961,2.079441547,9.043870926,1.609437943,0,3.342023849,0,0,0,1.504077435,1.504077435,2.890371799,2.77258873,2.302585125,1.098612309,2.079441547,0
DIDACTICA,SOCIALES,4,38,2.069391251,0.900161326,7.513462543,0.693147182,1.609437943,1.386294365,1.809641361,0,1.098612309,1.098612309,0.900161326,0,9.051491737,0.693147182,0.693147182,0.454486459,0,1.098612309,0,1.098612309,1.446918964,0,0,2.079441547,1.791759491,0,4.460972309
DIDARTE,SOCIALES,4,39,1.160020947,0.693147182,5.773761272,0.693147182,1.386294365,0.693147182,0,0,1.098612309,0,0.693147182,0,0,0,0,0,0,0,0,0,0,0,0,0.693147182,0,0,2.658257484
DFMCA,SALUD,3,40,1.297463179,0.548121393,6.533897877,1.142792463,2.397895336,0.693147182,2.07083869,0,0,1.609437943,0.548121393,0,0,0.693147182,0.693147182,2.604848623,0,0,0,0.91629076,1.098612309,1.791759491,1.386294365,1.609437943,0.693147182,0.693147182,4.267250538
DIVERSER,SOCIALES,4,41,1.539015412,1.922787786,5.548737526,5.16900444,2.197224617,0.693147182,1.809641361,0,0,0,1.922787786,0,0,1.098612309,0,0,0,0,0,1.504077435,0.405465096,0,0,0.693147182,0.693147182,1.791759491,0
EMB,CIENCIAS,1,42,1.098612309,0,5.946424961,0.693147182,1.791759491,1.098612309,0,0,0,0.693147182,0,0,3.542017937,0.693147182,0,0,0,0,0,0,0.405465096,0,0,1.609437943,0.693147182,0,4.652879238
GES,SOCIALES,4,43,1.479329228,0.548121393,6.387198448,2.314480066,1.791759491,1.098612309,1.809641361,0,0,0.693147182,0.548121393,0.693147182,1.304685831,1.386294365,0,0.703914642,0,0,0,0,0.559615791,0,0,1.098612309,0,0,1.278974414
EDUMATH,SOCIALES,4,44,0.693147182,2.44147706,5.60026598,0.693147182,2.397895336,0,1.809641361,1.098612309,0,0,2.44147706,0,0,1.098612309,0,0,1.609437943,1.386294365,0,1.791759491,0.91629076,0,0,0,1.386294365,1.945910096,0
EDUMICRO,CIENCIAS,1,45,1.366091609,0,6.552600384,2.861532688,0.693147182,0.693147182,2.07083869,0,0,0.693147182,0,0,0,0,0,1.355015397,0,0,0,0,0.405465096,0,0,0.693147182,0.693147182,0,3.247280598
MAACSH,SOCIALES,4,46,0.900161326,0,5.986249447,0.693147182,1.609437943,0.693147182,0,0,0,0,0,0,0,0,0,0.69658488,0,0,0,0.405465096,0,0,0,0.693147182,0,0.693147182,1.84447062
ELICE,CIENCIAS,1,47,1.648658633,1.241268635,6.390851974,1.567033529,1.609437943,0.693147182,1.809641361,1.609437943,0,1.098612309,1.241268635,0,0,0.693147182,0,2.144089937,0,0,0,0,1.011600971,1.945910096,1.945910096,1.791759491,1.098612309,0,4.063939095
EALE,SOCIALES,4,48,2.042518139,0.693147182,7.428718567,0.693147182,1.386294365,0.693147182,2.797552586,1.098612309,0,1.386294365,0.693147182,0,0,1.791759491,0,0,1.098612309,0,0,0,0.405465096,0,0,0.693147182,0.693147182,0,3.739476204
Epidemiologia,SALUD,3,49,2.965788364,1.553925157,8.10135746,4.922202587,1.945910096,1.386294365,3.13428688,1.098612309,1.098612309,1.945910096,1.553925157,0.693147182,9.588565826,2.302585125,0,3.174553394,2.564949274,0.693147182,0,2.014903069,2.047692776,3.178053856,2.197224617,3.33220458,2.302585125,2.484906673,6.248905659
ECCE,SOCIALES,4,50,1.69744873,1.922787786,6.830335617,0.693147182,1.609437943,0,0,0,1.098612309,0,1.922787786,0,2.728061914,0.693147182,0,0,0,0,0,0.91629076,1.098612309,0,0,0.693147182,1.609437943,0.693147182,0
GEC,SOCIALES,4,51,2.291524172,1.366091609,7.35467577,1.636790633,1.791759491,1.098612309,2.568000793,1.098612309,1.098612309,0.693147182,1.366091609,0,4.303280354,1.098612309,0,0.454486459,1.098612309,0.693147182,0,0.693147182,1.098612309,0,0,1.945910096,0.693147182,1.098612309,5.314421654
EECID,SOCIALES,4,52,1.85316813,0,6.717469692,1.845950603,1.791759491,0.693147182,2.838749647,1.609437943,2.397895336,0.693147182,0,0,0,0,0,0,1.386294365,0.693147182,0,0,0.405465096,0,0,1.098612309,0.693147182,0,3.434512138
Literarios,SOCIALES,4,53,2.594508171,1.495148778,8.146320343,2.996298552,1.609437943,0.693147182,2.968271971,2.564949274,1.098612309,2.890371799,1.495148778,0,0,2.079441547,0,0.948661625,2.564949274,1.386294365,0,1.504077435,1.83258152,0,0,1.098612309,2.302585125,1.791759491,4.178406715
ESTUPOL,SOCIALES,4,54,2.29857707,2.305580616,7.607065678,5.487765789,2.564949274,1.386294365,2.568000793,1.945910096,1.098612309,1.945910096,2.305580616,1.386294365,7.403689861,1.791759491,0,0,1.609437943,1.098612309,0,1.098612309,0.810930192,0,0,1.945910096,0.693147182,1.609437943,4.739323616
Juventud,SOCIALES,4,55,0.693147182,0,5.785432816,0.693147182,1.098612309,0,0,0,0,0,0,0,0,0,0,0,0,0,0,0.693147182,0.693147182,0,0,0,1.098612309,1.098612309,0
ETICA,SOCIALES,4,56,1.098612309,0,6.004176617,0.693147182,1.791759491,1.098612309,1.809641361,0,0,0,0,0,0,0.693147182,0,0,1.609437943,0.693147182,0,0,0.693147182,0,0,1.098612309,1.098612309,0,3.276766539
Fpolitica,SOCIALES,4,57,1.435084581,1.098612309,6.459519386,0.693147182,1.609437943,0.693147182,2.698871136,0,0,1.386294365,1.098612309,0,0,1.386294365,0,0.454486459,0,1.098612309,0,0.91629076,0.693147182,0,0,0.693147182,1.098612309,1.386294365,0
FEF,SOCIALES,4,58,0.693147182,0.693147182,5.634974003,0.693147182,2.302585125,0.693147182,1.809641361,0,0,0,0.693147182,0,0,1.386294365,0,0,1.098612309,0.693147182,0,0.405465096,1.321755886,0,0,0.693147182,1.609437943,0.693147182,0
Radiacion,CIENCIAS,1,59,0.693147182,0,5.443930149,0.693147182,2.079441547,0.693147182,0,0,0,0,0,0,4.907323837,0,0,0,0,0,0,0,0.405465096,0.693147182,0.693147182,0.693147182,0.693147182,0,2.408073425
GAMMA,SALUD,3,60,1.69744873,1.646733642,6.902799129,0.693147182,2.77258873,1.098612309,2.568000793,0,1.098612309,0.693147182,1.646733642,1.609437943,7.346684456,0,0,2.631501913,0,0,0,1.609437943,1.252762914,2.564949274,1.945910096,1.609437943,1.386294365,1.945910096,5.225669384
GEBIOMIC,CIENCIAS,1,61,0.693147182,0.693147182,5.501398563,0.693147182,2.079441547,0,0,0,0,0,0.693147182,0,0,0,0.693147182,0,0,0,0,0,0.810930192,1.791759491,1.791759491,0,0.693147182,0,0
GPOBLACIONES,CIENCIAS,1,62,1.098612309,1.553925157,6.465468407,0.693147182,0.693147182,1.098612309,2.07083869,0,0,0,1.553925157,0.693147182,5.083982944,0.693147182,0,1.900069833,0,0,0,0.693147182,1.178655028,2.484906673,2.079441547,0.693147182,0.693147182,1.098612309,3.367014408
Gmedica,SALUD,3,63,1.241268635,0,6.449159145,3.724001408,2.484906673,0.693147182,0,0,0,1.945910096,0,0.693147182,5.204046726,0,0,2.337660789,0,0,0,0.693147182,1.098612309,2.197224617,1.386294365,1.098612309,0,1.098612309,5.079357147
GENMOL,CIENCIAS,1,64,1.495148778,2.23857975,7.058153152,2.114887238,1.386294365,1.386294365,2.483749628,0,0,1.609437943,2.23857975,0.693147182,7.690273762,0.693147182,0,2.959829569,0,0,0,2.079441547,1.945910096,3.828641415,3.218875885,2.079441547,2.197224617,1.945910096,4.481516838
GEPAR,INGENIERIA,2,65,1.280933857,0,6.409209251,0.693147182,1.609437943,1.098612309,0,1.098612309,0,0.693147182,0,0.693147182,1.635681272,0,0.693147182,0,0,0,0,0,0.810930192,0,0,1.609437943,0.693147182,0,5.015376568
GEPIDH,SOCIALES,4,66,1.241268635,0,6.503425121,2.006657124,1.386294365,0.693147182,2.07083869,0,0,0,0,0,0,0,0,2.350002766,0,0,0,0,0.405465096,0.693147182,0.693147182,1.098612309,0.693147182,0,3.233210087
Calidad,INGENIERIA,2,67,2.084429026,0,7.288769245,0.883985281,1.609437943,1.098612309,2.638545036,2.397895336,1.098612309,1.386294365,0,0,3.658038616,0,0,2.209633589,0,1.098612309,0,0,1.011600971,0,0,1.098612309,1.098612309,0,4.311778545
GPS,SALUD,3,68,2.516082287,1.316408277,8.071695328,4.898287296,2.197224617,1.386294365,2.797552586,2.833213329,1.609437943,2.397895336,1.316408277,1.386294365,6.634931564,1.609437943,0,2.624650955,2.197224617,1.386294365,0,1.098612309,1.386294365,1.791759491,1.386294365,2.397895336,1.386294365,1.098612309,3.556391001
GIAE,SOCIALES,4,69,2.201659203,1.160020947,7.322565556,0.693147182,1.945910096,1.098612309,2.568000793,0,0,0.693147182,1.160020947,0,3.254899263,1.945910096,0,0,1.098612309,0,0,0.405465096,0.91629076,0,0,1.609437943,1.386294365,0.693147182,4.418206215
GIIESEN,SOCIALES,4,70,0.900161326,0.548121393,6.160491943,1.120190382,1.386294365,0.693147182,1.809641361,1.098612309,0,1.386294365,0.548121393,0,3.453228712,1.098612309,0,0,0,0,0,0,0.405465096,0,0,0,0.693147182,0,3.402584314
GIMACYR,INGENIERIA,2,71,1.609437943,0.900161326,6.50401926,0.693147182,1.386294365,0.693147182,1.355015397,0,0,0,0.900161326,0,4.407740116,0,0,1.960534215,0,0,0,0,1.098612309,0,0,1.098612309,1.098612309,0,4.060168266
GISMAC,CIENCIAS,1,72,1.648658633,1.004301667,6.450735092,3.471464634,1.386294365,1.098612309,1.809641361,0,0,0.693147182,1.004301667,0,5.758616447,0,0,0.891346335,0,0,0,0.693147182,0.693147182,0,0,1.609437943,1.098612309,1.098612309,3.964060545
GAP,SOCIALES,4,73,1.566530466,0,6.811643124,2.066792727,1.791759491,1.098612309,2.568000793,0,0,0.693147182,0,0,0.124951199,1.098612309,0,0,1.098612309,0,0,0.693147182,0.693147182,0,0,1.386294365,1.098612309,1.098612309,0
GRID,SALUD,3,74,1.432700753,1.922787786,6.86104393,3.985038757,2.302585125,1.098612309,2.751324892,0,0,1.791759491,1.922787786,1.098612309,6.59626627,0.693147182,0,2.410921097,0,0,0,0,0.91629076,2.890371799,2.484906673,1.609437943,1.386294365,0,4.906781673
GRIPE,SALUD,3,75,1.366091609,1.646733642,6.523458958,5.791361809,2.079441547,0.693147182,0,0,0,0,1.646733642,0.693147182,7.428895473,1.386294365,0,2.380313635,0,0,0,0,1.098612309,3.044522524,2.484906673,1.609437943,0.693147182,0,4.944068432
GAEC,SALUD,3,76,2.71800065,2.179286957,8.035012245,3.183481216,1.791759491,1.098612309,3.149993896,1.098612309,0,2.397895336,2.179286957,1.098612309,5.330216408,1.098612309,0,3.149908066,0,0,0,0.693147182,1.83258152,2.484906673,1.791759491,1.386294365,1.386294365,1.098612309,4.589800358
GACE,SALUD,3,77,1.366091609,0,5.761715889,2.85829711,1.945910096,0.693147182,1.809641361,0,0,0,0,0,2.563285112,1.098612309,0,1.441326976,0,0,0,0.693147182,0.405465096,0,0,0.693147182,0.693147182,0,0
GAP,SOCIALES,4,78,1.969905615,0,7.082264423,1.394814491,1.386294365,1.098612309,0,0,0,0,0,0,0,0.693147182,0,0,0,0,0,0,0.405465096,0,0,0.693147182,0.693147182,0,3.496132374
BIOFISICA,CIENCIAS,1,79,1.495148778,0.548121393,6.351525307,0.693147182,1.609437943,0,1.809641361,0,0,0,0.548121393,0,2.575533152,0.693147182,0,1.025284886,0,0,0,0,0.405465096,1.098612309,0.693147182,0,0.693147182,0,2.244867802
BIOTRANSFORMACION,CIENCIAS,1,80,1.922787786,1.731655598,6.535785198,4.336739063,1.945910096,1.098612309,1.809641361,1.098612309,0,0,1.731655598,0,7.104761124,0,0,2.11360693,0,0,0,0.693147182,1.098612309,0,0,1.609437943,0.693147182,1.098612309,5.344632149
Coloides,CIENCIAS,1,81,1.098612309,1.004301667,6.201600552,0.693147182,1.609437943,0.693147182,0,0,1.098612309,0,1.004301667,0,6.036420822,0.693147182,0,2.066374779,0,0,0.693147182,0,0.91629076,1.945910096,1.945910096,1.098612309,0.693147182,0,3.430424929
GEA,SOCIALES,4,82,1.366091609,0,6.567192078,0.693147182,1.609437943,0.693147182,2.248443365,2.708050251,0,1.098612309,0,0,2.494221687,1.386294365,0,1.341481209,0,0,0,0,0.559615791,0.693147182,0.693147182,0,0,0,3.144350529
GECEM,SOCIALES,4,83,2.180417538,1.822935104,7.516105175,3.65841198,2.079441547,0.693147182,2.380313635,2.564949274,1.945910096,1.098612309,1.822935104,0,4.981707573,1.945910096,0,1.617624283,1.098612309,0.693147182,0,1.252762914,1.252762914,1.098612309,0.693147182,1.386294365,1.098612309,1.791759491,3.873068094
GEA,INGENIERIA,2,84,1.633154392,0,6.485613346,0.693147182,2.397895336,0,1.809641361,2.708050251,0,0,0,0,0,0,0,1.568962574,0,1.098612309,0,0.693147182,0.693147182,1.609437943,1.098612309,0,1.098612309,1.098612309,0
EntomologiaM,SALUD,3,85,0.693147182,0.548121393,5.457121849,4.443446636,1.945910096,0.693147182,1.809641361,0,0,1.098612309,0.548121393,0,5.731106758,0.693147182,0,0.703914642,0,0,0,0.405465096,0.405465096,0,0,0,0.693147182,0.693147182,3.844851732
Entomologia ,CIENCIAS,1,86,0.693147182,0.548121393,5.978709221,1.123787522,1.945910096,0.693147182,2.380313635,0,0,0,0.548121393,0,0,0,0,2.184106588,0,0,0,0,0.693147182,2.397895336,2.397895336,1.098612309,0,0,1.173455119
GEMCA,SALUD,3,87,1.811562061,1.316408277,5.25412178,1.543608427,2.079441547,0.693147182,0,0,0,0,1.316408277,1.098612309,3.533461809,0,0,0.703914642,0,0,0,0.405465096,0.810930192,0,0,0.693147182,0.693147182,0.693147182,3.744762659
Solido,CIENCIAS,1,88,2.373043537,0.900161326,8.073297501,0.693147182,1.386294365,0.693147182,2.838749647,1.945910096,1.098612309,1.791759491,0.900161326,0,0,1.098612309,0,3.402050972,1.609437943,0,0,0.91629076,1.749199867,4.189654827,2.639057398,0.693147182,1.098612309,0.693147182,4.141821861
GEIB,SALUD,3,89,1.896119475,0.548121393,6.79628706,3.37810421,1.945910096,0,0,0,0,0,0.548121393,0,4.405827999,0,0,1.840999722,0,0,0,0,0.405465096,1.386294365,1.386294365,0.693147182,0.693147182,0,0
GEB,CIENCIAS,1,90,1.435084581,0.693147182,6.505866051,2.610047579,1.609437943,1.098612309,0,0,0,0,0.693147182,0,1.282822251,1.098612309,0,0.703914642,0,1.098612309,0,0,1.011600971,1.098612309,1.098612309,1.386294365,1.098612309,0,3.870955944
GELCIL,SOCIALES,4,91,1.495148778,0.548121393,6.857914448,4.150465488,1.945910096,1.098612309,2.797552586,1.609437943,0,1.791759491,0.548121393,0,3.206534624,1.098612309,0,0.454486459,1.098612309,1.386294365,0,0.693147182,0.559615791,0,0,1.098612309,0,1.098612309,4.169092178
GET,SOCIALES,4,92,2.215937376,0,6.980082035,4.840116978,1.945910096,1.386294365,2.07083869,1.098612309,1.609437943,0,0,0,7.361653805,1.386294365,0,0,1.098612309,0.693147182,0,1.609437943,1.252762914,0,0,1.609437943,1.791759491,1.945910096,5.480898857
GELR,SOCIALES,4,93,2.371177912,1.609437943,7.637836933,0.693147182,1.609437943,0.693147182,2.875808716,0,1.609437943,1.098612309,1.609437943,0,4.630654335,1.609437943,0,0,2.197224617,0,0,0,1.321755886,0,0,1.098612309,1.609437943,0,4.486052513
GER,SOCIALES,4,94,2.430978298,0.548121393,7.385284901,2.350650549,1.609437943,1.098612309,2.380313635,1.098612309,0,1.386294365,0.548121393,0.693147182,3.562281609,1.945910096,0,0.948661625,0,0,0,0.405465096,0.405465096,0.693147182,0.693147182,1.098612309,0.693147182,0.693147182,3.996391296
GFIF,CIENCIAS,1,95,2.079441547,1.004301667,7.906007767,4.262718201,2.197224617,1.386294365,2.07083869,0,0,0,1.004301667,0,0,1.609437943,0,2.96372509,0,0,0,1.945910096,1.558144569,3.737669706,2.564949274,1.945910096,1.609437943,1.609437943,4.724365234
GFAM,CIENCIAS,1,96,1.609437943,1.495148778,6.916464806,0.693147182,1.945910096,1.098612309,2.380313635,1.098612309,0,1.386294365,1.495148778,0,4.546274662,1.098612309,0,2.857450962,0,0,0,1.252762914,1.178655028,2.77258873,2.079441547,1.609437943,0.693147182,1.386294365,4.899576664
Nuclear,CIENCIAS,1,97,1.098612309,0,6.609704018,0.693147182,1.386294365,1.098612309,1.809641361,0,0,0,0,0,0,0.693147182,0,0,0,0,0,0,0.693147182,1.386294365,1.386294365,1.098612309,1.098612309,0,3.215465069
FACOM,CIENCIAS,1,98,1.69744873,1.160020947,7.169837475,0.693147182,2.197224617,1.386294365,2.07083869,1.609437943,0,0.693147182,1.160020947,0,5.1476264,1.098612309,0,2.483749628,0,0,0,0.405465096,1.321755886,2.995732307,2.397895336,1.791759491,1.098612309,0.693147182,4.530449867
Gastro,SALUD,3,99,2.209372759,1.998773694,7.521254063,1.882687926,1.791759491,1.098612309,2.875808716,0,0,0.693147182,1.998773694,1.386294365,5.603988647,0.693147182,0,1.941466093,0,0,0,0.405465096,1.252762914,2.77258873,2.079441547,1.098612309,1.386294365,0.693147182,4.314054489
Ictiologia,CIENCIAS,1,100,1.098612309,1.098612309,6.356201649,3.207868338,1.386294365,1.098612309,2.875808716,0,0,1.098612309,1.098612309,0,7.51293087,0,0,1.833161354,1.098612309,0,0,0.405465096,1.252762914,1.098612309,0.693147182,1.609437943,1.098612309,0.693147182,4.301313877
GIGA,INGENIERIA,2,101,3.113515377,0.693147182,8.216197014,4.931866169,2.833213329,1.386294365,2.994291306,2.564949274,3.218875885,1.609437943,0.693147182,0,9.121619225,2.397895336,1.098612309,3.103839874,1.945910096,0,0,1.252762914,1.704748034,3.044522524,2.079441547,1.945910096,2.079441547,0.693147182,4.28499651
GICIC,CIENCIAS,1,102,2.045108795,1.894616842,7.801782131,5.751159191,1.791759491,1.386294365,3.040911198,0,0,1.386294365,1.894616842,1.098612309,8.127289772,1.609437943,0,2.989152193,0,0,0,1.704748034,2.014903069,3.737669706,2.397895336,2.77258873,1.386294365,1.791759491,5.646151066
Pediaciencias,SALUD,3,103,3.008154869,2.933324814,8.358460426,0.693147182,2.397895336,1.386294365,2.698871136,1.098612309,0,2.302585125,2.933324814,0,6.859536648,1.791759491,0,3.012776613,0,0,0,1.098612309,1.098612309,2.197224617,1.098612309,1.791759491,1.609437943,1.609437943,4.887934685
Oseointegracion,SALUD,3,104,1.731655598,0,6.454909801,0.693147182,1.945910096,1.386294365,1.355015397,0,0,0,0,0,4.002708435,0.693147182,0,2.711031199,0,0,0,0,0.693147182,2.708050251,2.564949274,1.609437943,0,0,4.042242527
GICS,SALUD,3,105,2.22893858,0.548121393,7.198317051,1.703285217,1.098612309,0.693147182,2.07083869,0,2.564949274,1.945910096,0.548121393,0,5.014369011,0.693147182,0,0,0,1.098612309,0,0.91629076,1.252762914,0,0,1.386294365,1.791759491,1.386294365,3.642567873
EDUSALUD,SALUD,3,106,2.400618792,0,7.671415329,0.986666918,1.386294365,0.693147182,2.248443365,0,1.609437943,2.079441547,0,0,3.593034983,1.609437943,0,1.597276568,1.609437943,0,0,0.405465096,0.91629076,1.098612309,0.693147182,1.098612309,1.386294365,0.693147182,3.374258041
Asaludables,SALUD,3,107,1.629240513,0,6.592607498,2.626782656,1.945910096,0,0,1.098612309,0,0.693147182,0,0,5.605191708,1.098612309,0,0.99124819,0,0,0,1.252762914,0.810930192,0.693147182,0.693147182,0,0.693147182,1.386294365,0
Sensorial,SALUD,3,108,0.871293366,0.548121393,5.471081734,4.007469654,1.791759491,1.098612309,0,1.098612309,0,0,0.548121393,0,5.131826878,0,0,0.454486459,0,0,0,0,0.559615791,0.693147182,0.693147182,1.609437943,0,0,3.556541681
GIBIC,INGENIERIA,2,109,2.232162714,1.682688355,6.853029251,3.071352005,1.791759491,1.386294365,2.248443365,2.397895336,2.564949274,0,1.682688355,0,7.420651913,1.386294365,0,0.69658488,0,0,0.693147182,0.693147182,1.178655028,0,0,1.609437943,1.386294365,1.098612309,5.176585674
BIOMAT,INGENIERIA,2,110,1.974081039,1.241268635,6.928291798,2.043746471,1.945910096,1.386294365,2.380313635,2.197224617,1.609437943,0,1.241268635,0,4.171063423,1.386294365,0,1.773357034,0,0,0.693147182,0.405465096,1.098612309,2.079441547,1.791759491,2.397895336,1.609437943,0.693147182,5.158141613
GRICA,SALUD,3,111,3.097385883,2.791165113,8.51645565,1.178451538,2.197224617,1.386294365,2.751324892,1.609437943,1.945910096,1.098612309,2.791165113,0,7.407899857,1.791759491,0,3.13265419,1.609437943,0,0,1.609437943,1.609437943,2.708050251,1.791759491,1.945910096,1.609437943,1.609437943,5.437687874
PHYSIS,SALUD,3,112,1.894616842,0,7.477963924,0.693147182,2.079441547,0.693147182,2.07083869,0,0,0.693147182,0,0,4.890054703,0.693147182,0,2.274119854,0,0,0,0,1.321755886,2.302585125,2.079441547,0.693147182,1.609437943,0,3.120145082
Genero,SOCIALES,4,113,1.593308568,0.693147182,6.438621044,0.693147182,1.386294365,0,2.07083869,0,0,0,0.693147182,0,0,0.693147182,0,0,0,0,0,0,0,0,0,0,0,0,0
Cultural,SOCIALES,4,114,1.160020947,0.900161326,5.896912098,2.75545001,1.609437943,0.693147182,0,0,0,0,0.900161326,0,3.869564295,0,0,0,0,1.386294365,0,0.91629076,0,0,0,0,0,1.386294365,4.143922806
GESTOR,SOCIALES,4,115,2.324346542,0,7.027504444,3.964286804,1.609437943,1.098612309,2.380313635,2.708050251,1.945910096,1.386294365,0,0,5.630504131,1.386294365,0,0.454486459,1.098612309,0.693147182,0,0.405465096,0.693147182,0,0,1.098612309,1.098612309,0.693147182,2.864377737
GAIA,CIENCIAS,1,116,2.253394842,1.822935104,7.315603256,4.456913948,2.197224617,1.386294365,2.940092325,0,1.609437943,1.098612309,1.822935104,0.693147182,8.54493618,1.386294365,0,2.441693544,1.098612309,0,0,1.609437943,1.609437943,1.609437943,1.386294365,2.639057398,1.386294365,1.098612309,4.391216755
GIHS,SOCIALES,4,117,2.125847816,0.900161326,7.569037914,1.99159193,1.945910096,1.098612309,2.568000793,0,0,1.609437943,0.900161326,0,5.219390392,1.791759491,0,0.69658488,1.945910096,1.098612309,0,0.405465096,1.446918964,0,0,2.302585125,1.791759491,0.693147182,4.626590252
GIICS,SOCIALES,4,118,2.848391771,0.548121393,7.9375453,5.225121498,1.791759491,1.386294365,2.968271971,2.397895336,3.218875885,2.708050251,0.548121393,0,4.999524117,2.079441547,0,1.677439809,0,0.693147182,0,1.098612309,0.693147182,0.693147182,0.693147182,2.639057398,1.098612309,1.098612309,4.766049385
GIIS,SOCIALES,4,119,1.743968844,0,6.815834522,0.693147182,1.945910096,1.098612309,2.380313635,1.945910096,1.609437943,1.098612309,0,0,3.832902908,0.693147182,0,0.454486459,0,0,0,0.405465096,1.011600971,0,0,1.945910096,1.098612309,0.693147182,3.941005707
GRINMADE,SALUD,3,120,1.809926748,0.548121393,6.293194294,1.226576805,1.386294365,0.693147182,0,0,0,0,0.548121393,0,3.726504564,0,0,2.01417613,0,0,0,0,0.559615791,1.098612309,1.098612309,1.098612309,0,0,4.280622959
GIMV,SALUD,3,121,1.163150787,0.693147182,5.634954453,5.202674866,1.945910096,1.098612309,1.809641361,0,0,0,0.693147182,0,5.788599014,0,0,2.381268978,0,0,0,0.91629076,0.810930192,1.098612309,1.098612309,1.945910096,0.693147182,1.386294365,4.723572731
GIONORTO,SALUD,3,122,2.309560776,0,6.184671402,1.590044737,1.386294365,1.098612309,0,0,0,0.693147182,0,0,1.594908953,1.386294365,0,0,0,1.098612309,0,0,0,0,0,2.197224617,0,0,4.78234148
POPCAD,SALUD,3,123,2.169053793,0.900161326,7.385099411,3.066742182,1.791759491,1.386294365,2.940092325,1.945910096,0,1.609437943,0.900161326,0,2.994386435,1.386294365,0,1.355015397,0,0,0,0,1.704748034,3.178053856,1.945910096,2.397895336,0.693147182,0,5.407232761
GIPC,SOCIALES,4,124,1.731655598,1.809926748,6.909070969,0.693147182,1.609437943,0.693147182,2.380313635,1.945910096,1.098612309,0.693147182,1.809926748,0,0,0,0,1.773357034,0,0,0,0.405465096,1.178655028,0,0,0,1.386294365,0.693147182,3.858751535
GIPSI,SALUD,3,125,2.148267746,1.366091609,7.306252003,4.953093052,1.945910096,0.693147182,2.940092325,1.098612309,0,1.098612309,1.366091609,0,6.909565926,0,0.693147182,2.697958946,0,0,0,0,1.178655028,2.890371799,2.197224617,1.386294365,0.693147182,0,0
SEMSA,SOCIALES,4,126,0.693147182,0,5.682126522,3.63455224,1.609437943,0.693147182,2.07083869,0,1.098612309,0,0,0,4.039329052,1.098612309,0,0,0,1.098612309,0,0,0.405465096,0.693147182,0.693147182,0.693147182,0.693147182,0,0
GISB,CIENCIAS,1,127,1.609437943,1.004301667,6.54964447,4.411005974,2.197224617,1.386294365,1.809641361,0,1.609437943,0,1.004301667,1.791759491,7.678426266,0,0,2.337660789,0,0,0,0.91629076,1.386294365,1.609437943,1.609437943,2.197224617,1.098612309,1.386294365,5.575043678
GITA,INGENIERIA,2,128,1.934415817,2.209372759,6.836280823,2.48755455,1.945910096,1.386294365,2.07083869,1.609437943,2.397895336,0.693147182,2.209372759,0,5.03267765,0,0,1.025284886,1.098612309,0,0,1.098612309,1.178655028,0,0,1.609437943,1.386294365,1.609437943,4.628164768
GITT,SOCIALES,4,129,1.463255405,1.682688355,6.800157547,0.693147182,1.791759491,0,1.355015397,0,0,1.098612309,1.682688355,0,0,0.693147182,0,0,0,0,0,0,0.91629076,0.693147182,0.693147182,0,1.386294365,0,0
TNT,SOCIALES,4,130,1.633154392,0.548121393,6.95607233,0.693147182,1.386294365,1.098612309,2.483749628,0,1.945910096,0.693147182,0.548121393,0,3.08915019,0,0,0,0,0,0,0.693147182,0.693147182,0,0,1.386294365,1.098612309,1.098612309,4.29820776
Traductologia,SOCIALES,4,131,1.241268635,0,6.377820015,3.356464624,1.386294365,1.098612309,0,0,2.197224617,0,0,0,3.381034851,0.693147182,0,0,1.609437943,0.693147182,0,1.098612309,1.098612309,0,0,0.693147182,1.609437943,1.609437943,3.476990223
Trombosis,SALUD,3,132,2.060513496,0,6.988994598,3.984633207,0.693147182,0,2.07083869,0,0,1.791759491,0,0,3.825772762,0,0,2.881422997,0,0,0,0.693147182,1.178655028,3.258096457,3.218875885,0.693147182,0.693147182,1.098612309,0
GIVU,SALUD,3,133,1.830980182,0,7.718033314,2.272808552,1.098612309,0.693147182,2.638545036,0,1.098612309,0,0,0,3.35842371,1.098612309,0,1.818130612,0,0,0,0,1.252762914,2.397895336,1.791759491,0.693147182,0,0,3.791293621
GIEBSCUERPO,SOCIALES,4,134,1.435084581,0,5.822486401,3.411562443,1.386294365,0,1.355015397,0,0,0.693147182,0,0,0,0,0,0,0,0,0,0,0.693147182,0,0,0.693147182,1.098612309,0,0
MASO,SOCIALES,4,135,2.247072458,0,7.633223057,3.308047056,1.945910096,1.609437943,2.968271971,2.197224617,2.833213329,2.079441547,0,0,6.523087978,1.386294365,0,2.170526505,3.218875885,1.098612309,0,0.91629076,1.945910096,2.197224617,1.945910096,2.397895336,1.945910096,0.693147182,5.922129154
GICV,SOCIALES,4,136,1.495148778,0,6.879551411,4.573554516,1.609437943,1.098612309,2.07083869,2.708050251,0,1.098612309,0,0,3.439830303,0.693147182,0,0,1.098612309,0.693147182,0,0.405465096,1.252762914,0,0,1.098612309,1.098612309,0.693147182,3.4933424
FORMAPH,SOCIALES,4,137,1.435084581,0.693147182,6.392146587,0.693147182,1.945910096,0.693147182,2.483749628,1.945910096,0,1.609437943,0.693147182,0,0,0,0,1.355015397,1.945910096,0.693147182,0,1.252762914,0.91629076,0,0,0.693147182,1.386294365,1.386294365,3.035692692
GIDSO,SALUD,3,138,1.682688355,0.693147182,6.382316113,1.514998317,1.945910096,0.693147182,2.07083869,0,0,0,0.693147182,0.693147182,5.929179192,1.098612309,0,0.891346335,1.609437943,0,0,0.405465096,0.810930192,0,0,1.098612309,0.693147182,0.693147182,3.117041349
Patrimonio,SOCIALES,4,139,1.220829964,0,6.532142639,0.693147182,1.609437943,0,2.483749628,0,0,1.098612309,0,0,0,0,0,0,1.098612309,0,0,0,0.810930192,0,0,0,0.693147182,0,0
GICCO,SOCIALES,4,140,2.59001708,0,7.505835533,3.65933013,2.484906673,0.693147182,2.797552586,2.833213329,2.944438934,1.098612309,0,0,0,1.386294365,0,0,1.945910096,0.693147182,0,0.405465096,0.405465096,0,0,0,0.693147182,0.693147182,3.476899624
Lingustica,SOCIALES,4,141,1.962907672,1.69744873,6.902318001,1.966389775,0.693147182,0.693147182,2.380313635,0,0,1.386294365,1.69744873,0,5.55168438,1.386294365,0,0.69658488,0,0,0,0.405465096,0.693147182,0,0,0.693147182,1.098612309,0.693147182,3.176101685
Macro,SOCIALES,4,142,1.884034753,0,7.384243011,3.566354513,1.791759491,1.098612309,2.638545036,0,0,0.693147182,0,0.693147182,4.168870926,0.693147182,0,0.948661625,1.609437943,0,0,0,1.178655028,0,0,0,1.386294365,0,4.548462391
Magnetismo,CIENCIAS,1,143,1.316408277,0.693147182,6.957244396,2.655894756,0.693147182,0,2.638545036,0,0,0,0.693147182,0,0,0,0,2.831227064,0,0,0,0,1.178655028,2.079441547,1.609437943,0,0.693147182,0,3.961791515
GIMEL,INGENIERIA,2,144,2.444084644,2.524928331,7.83840704,6.834061146,1.945910096,1.098612309,2.838749647,3.044522524,3.555348158,2.079441547,2.524928331,0,6.820169926,0,0.693147182,3.441809654,1.945910096,1.609437943,0,1.252762914,1.909542561,3.401197433,2.397895336,1.791759491,1.945910096,1.791759491,3.840273857
Condensada,CIENCIAS,1,145,1.609437943,1.386294365,7.584548473,1.995083809,1.791759491,1.386294365,2.568000793,0,0,0,1.386294365,0,5.342865467,0.693147182,0,3.509664536,0,0,0,0.405465096,1.252762914,2.302585125,2.302585125,1.609437943,0.693147182,0.693147182,4.458976746
Neurociencias,SALUD,3,146,1.865629315,1.778336406,7.809978962,4.648753166,1.609437943,1.386294365,2.797552586,0,0,1.386294365,1.778336406,2.397895336,9.235676765,0,0,3.325357437,0,0,0,1.386294365,1.909542561,4.317488194,3.295836926,3.258096457,0,1.609437943,5.318032742
GNTA,SALUD,3,147,1.719188809,1.536867261,7.13189888,3.816408873,2.079441547,1.386294365,2.380313635,0,1.098612309,0,1.536867261,1.098612309,6.472438335,1.098612309,0,2.081528664,0,0,0,0.405465096,0.91629076,2.079441547,1.386294365,1.945910096,0.693147182,0.693147182,4.193986893
Optica,CIENCIAS,1,148,1.791759491,1.004301667,7.362640381,0.693147182,1.791759491,1.386294365,2.248443365,0,1.945910096,0,1.004301667,0,0,1.791759491,0,2.940092325,0,0,0,0.91629076,1.446918964,3.401197433,2.484906673,1.609437943,1.386294365,0.693147182,4.862550735
Parasitologa,SALUD,3,149,1.972691178,1.241268635,7.013853073,4.401219845,1.609437943,1.386294365,1.355015397,0,0,1.386294365,1.241268635,0,6.828807831,0,0,2.07083869,0,0,0,0,0.91629076,2.302585125,1.791759491,1.791759491,1.386294365,0,4.626614571
Quimica-Fisica,CIENCIAS,1,150,1.609437943,0,6.672718525,0.693147182,1.098612309,1.386294365,2.483749628,0,0,0,0,0,3.467160463,0.693147182,0,2.846020937,0,0,0,0.405465096,0.91629076,3.135494232,2.302585125,1.945910096,1.386294365,0.693147182,4.473125935
GRUA,SALUD,3,151,1.432700753,0,7.041862488,1.529262304,1.945910096,0.693147182,3.22991395,1.945910096,0,0,0,0,3.652511835,0.693147182,0,2.335963488,0,0,0,0,1.098612309,1.098612309,1.098612309,0.693147182,1.098612309,0,3.157054424
GTHA,SOCIALES,4,152,2.076938391,1.495148778,7.476816177,0.693147182,1.791759491,1.386294365,0,0,0,1.098612309,1.495148778,0,1.917805791,0,0,0,1.098612309,1.791759491,0,1.252762914,0.693147182,0,0,1.386294365,1.098612309,1.386294365,4.917407513
DIDES,SOCIALES,4,153,2.135349274,0,7.901827335,5.206758022,1.386294365,0.693147182,3.081653833,2.833213329,2.197224617,1.386294365,0,0,0,0,0,0.703914642,2.197224617,0,0,1.098612309,1.609437943,0,0,1.386294365,2.197224617,0,4.464338779
GEO,SOCIALES,4,154,0.900161326,0,6.163048267,0.693147182,2.197224617,0,1.809641361,0,0,0,0,0,0,1.098612309,0,0.454486459,0,1.098612309,0,0,0,0.693147182,0.693147182,0,0,0,0
Herpetologico,CIENCIAS,1,155,1.386294365,0,7.002589703,3.800376654,2.079441547,1.386294365,2.07083869,0,0,0,0,0.693147182,5.278949738,0,0,1.212908864,0,0.693147182,0,0,1.386294365,2.77258873,1.945910096,1.609437943,0,0,4.499410152
GHS,SOCIALES,4,156,1.894616842,0.693147182,6.827986717,0.693147182,2.079441547,0,2.698871136,2.708050251,0,1.098612309,0.693147182,0,4.271959782,1.386294365,0,1.221768022,0,1.386294365,0,0,1.098612309,0,0,1.098612309,1.609437943,0,0
Tejidos,SALUD,3,157,1.401183009,0.900161326,6.633377552,0.693147182,2.079441547,0.693147182,2.568000793,0,0,1.386294365,0.900161326,0,1.907903194,1.098612309,0,1.419005036,0,0,0,0,0.810930192,1.386294365,1.386294365,0.693147182,0.693147182,0,5.401632786
GIEM,CIENCIAS,1,158,1.791759491,1.495148778,7.227465153,5.115875244,2.639057398,1.386294365,2.248443365,0,0,0.693147182,1.495148778,0.693147182,6.864178658,0.693147182,0,2.430438757,0,0,0,1.504077435,1.609437943,2.197224617,1.609437943,2.397895336,1.386294365,1.791759491,5.191566467
Malaria,SALUD,3,159,1.822935104,2.125847816,6.836749554,4.592541218,1.609437943,1.386294365,2.638545036,0,0,0,2.125847816,1.791759491,8.897549629,0,0,2.9356215,0,0,1.098612309,0.693147182,1.504077435,2.708050251,2.079441547,2.079441547,1.386294365,0,5.079253197
Neuropsicologia,SOCIALES,4,160,0.900161326,1.098612309,6.504086018,0.693147182,1.609437943,0,2.380313635,0,0,0.693147182,1.098612309,0.693147182,0,1.098612309,0,2.94197464,1.098612309,0,0,0.693147182,1.609437943,1.098612309,1.098612309,0,0.693147182,0,0
Reproduccion,SALUD,3,161,1.780024171,1.004301667,6.823597908,3.489988804,1.945910096,0,2.968271971,1.098612309,0,1.609437943,1.004301667,1.386294365,6.83435154,0.693147182,0,2.953106165,0,0,0,0,1.446918964,2.890371799,2.302585125,1.386294365,1.386294365,0,0
Vericel,SALUD,3,162,2.069391251,1.098612309,7.167323112,0.693147182,1.791759491,1.386294365,2.875808716,0,0,1.098612309,1.098612309,0.693147182,3.135091782,0,0,2.809254169,0,0,0,0,1.386294365,2.77258873,2.197224617,1.609437943,1.609437943,0,4.745645523
Hegemonia,SOCIALES,4,163,2.016235352,0.548121393,7.41653204,4.155938148,2.079441547,1.386294365,2.838749647,1.609437943,0,0.693147182,0.548121393,0.693147182,5.056696415,0.693147182,0,1.025284886,1.098612309,0.693147182,0,1.386294365,1.098612309,0,0,1.791759491,1.609437943,1.945910096,4.236771107
Hematopatologia,SALUD,3,164,1.922787786,1.536867261,6.520541668,2.80855155,1.386294365,0.693147182,1.809641361,1.098612309,0,1.098612309,1.536867261,0,0,0,0,1.809641361,0,0,0,0.693147182,0,0,0,0.693147182,0,1.098612309,2.888854027
Hipertropico,SOCIALES,4,165,1.075002432,0.693147182,5.174971104,1.149166822,1.609437943,0.693147182,1.809641361,0,0,0,0.693147182,0,1.91098845,0.693147182,0,0,0,0,0,0,0,0,0,0,0,0,4.045825481
HPPC,SOCIALES,4,166,2.093097925,0,6.950197697,3.321695805,1.791759491,1.098612309,2.568000793,0,0,0.693147182,0,0,5.526780128,0.693147182,0,0,1.098612309,0.693147182,0,0.693147182,0.405465096,0,0,1.386294365,0.693147182,1.098612309,4.846068859
Hmoderna,SOCIALES,4,167,0.548121393,0.693147182,5.224563599,0.693147182,1.609437943,0.693147182,1.809641361,0,0,0,0.693147182,0.693147182,0,0.693147182,0,0,1.098612309,0.693147182,0,0.693147182,0.405465096,0,0,0.693147182,0.693147182,1.098612309,0
IMARK,SOCIALES,4,168,1.774952292,0,6.755413055,2.597345829,1.791759491,0.693147182,2.07083869,1.098612309,1.098612309,0.693147182,0,0,0,0.693147182,0,1.355015397,0,0,0,0,0,0,0,0.693147182,0,0,0
ICAS,SALUD,3,169,1.830980182,1.004301667,6.194271564,4.237938404,1.791759491,1.098612309,1.809641361,0,0,1.098612309,1.004301667,0,3.235349417,0.693147182,0,1.391446471,0,0,0,0,0.405465096,1.386294365,1.386294365,1.098612309,0.693147182,0,4.15264082
INCAS,INGENIERIA,2,170,2.179286957,1.160020947,7.23923254,0.693147182,1.791759491,0.693147182,1.809641361,1.609437943,3.135494232,1.609437943,1.160020947,0,0,0.693147182,0,2.51693368,0,0,0,0.405465096,0.693147182,1.791759491,1.609437943,0,1.098612309,0.693147182,3.235818386
Infeccion,SALUD,3,171,1.593308568,1.004301667,6.951904297,2.520463705,1.386294365,1.098612309,2.483749628,0,0,1.609437943,1.004301667,1.386294365,6.581626892,0.693147182,0.693147182,2.259050369,0,0,0,0.91629076,0.91629076,2.77258873,2.639057398,1.791759491,0.693147182,1.386294365,5.325750351
Informed,SALUD,3,172,1.004301667,0.548121393,5.426271439,0.693147182,2.079441547,0.693147182,1.809641361,0,1.098612309,0,0.548121393,0,3.43790555,1.098612309,0.693147182,0,0,0,0,0,0.405465096,1.609437943,1.609437943,0.693147182,0.693147182,0,0
I&S,CIENCIAS,1,173,1.593308568,0.548121393,6.596467018,0.693147182,1.386294365,0.693147182,1.809641361,0,2.397895336,0,0.548121393,0,7.933216095,0.693147182,0.693147182,1.492379546,1.609437943,0,0,0.405465096,1.011600971,1.098612309,0.693147182,1.386294365,1.098612309,0.693147182,0
ITOS,CIENCIAS,1,174,1.004301667,0.548121393,6.204959869,0.693147182,0.693147182,0.693147182,2.380313635,1.609437943,2.397895336,0,0.548121393,0,3.666235209,1.098612309,0,0,1.098612309,0.693147182,0,0,0.693147182,0,0,0.693147182,1.098612309,0,0
Inmudofeciencias,SALUD,3,175,2.188295841,0.900161326,7.527392864,4.888503551,2.197224617,0.693147182,2.248443365,0,0,2.197224617,0.900161326,1.098612309,6.807797909,0.693147182,0,2.261398077,0,0,0,0.693147182,1.178655028,2.564949274,1.791759491,1.098612309,1.386294365,1.098612309,3.626366615
Inmunomodulacion,CIENCIAS,1,176,0.693147182,1.495148778,5.701151371,3.492092848,1.791759491,0.693147182,1.809641361,0,0,0,1.495148778,1.098612309,7.344781876,1.098612309,0,0,0,0,0,1.386294365,0.91629076,1.386294365,1.386294365,1.098612309,0.693147182,1.945910096,3.260941744
Inmunovirologia,SALUD,3,177,2.00955534,1.972691178,7.51507473,3.992160559,2.484906673,1.386294365,2.380313635,1.098612309,0,2.079441547,1.972691178,2.397895336,7.575678825,0.693147182,0,3.229860783,0,0,0,1.098612309,1.704748034,4.043051243,2.77258873,1.945910096,1.386294365,1.098612309,5.379351139
INNOVACIENCIA,SOCIALES,4,178,1.004301667,0,6.264737129,0.693147182,1.386294365,0,2.568000793,0,0,1.609437943,0,0,0,1.386294365,0,0,1.098612309,0.693147182,0,0.405465096,0.693147182,0,0,0,1.098612309,0.693147182,2.641739845
Microelectronica,CIENCIAS,1,179,2.045108795,0.548121393,7.893686295,0.693147182,1.386294365,0.693147182,2.994291306,1.098612309,0,1.098612309,0.548121393,0,2.844851017,0.693147182,0,3.324175596,0,0,0,0,1.749199867,3.610917807,2.639057398,0.693147182,1.098612309,0,3.516045809
GIPIMME,INGENIERIA,2,180,2.157559395,1.894616842,7.313150406,3.691929817,2.484906673,1.386294365,2.07083869,3.295836926,2.397895336,1.945910096,1.894616842,0.693147182,7.009050846,0.693147182,0,2.640236855,0,0,0,1.791759491,1.609437943,0.693147182,0.693147182,2.302585125,1.386294365,1.609437943,5.658904076
Enfermeria,SALUD,3,181,2.406043768,0.693147182,7.68683672,3.18621254,2.079441547,1.386294365,2.994291306,1.609437943,2.397895336,1.386294365,0.693147182,0,5.423286438,0.693147182,0,1.85060513,0,0,0,0.91629076,1.252762914,1.609437943,1.098612309,2.197224617,1.386294365,1.386294365,4.71281147
Limnologia,CIENCIAS,1,182,1.386294365,1.646733642,6.959594727,3.617109776,2.197224617,0.693147182,2.248443365,0,0,0,1.646733642,0.693147182,3.273400307,0,0,0.891346335,0,0,0,0.693147182,1.011600971,1.945910096,1.609437943,1.945910096,1.098612309,0,5.100611687
Ludens,INGENIERIA,2,183,1.536867261,0,6.405320644,1.637176871,1.609437943,0.693147182,1.809641361,1.098612309,0,0,0,0,0,1.609437943,0,1.697278857,0,0,0,0.405465096,0,0.693147182,0.693147182,0.693147182,0,0.693147182,4.238099098
Mapeo,CIENCIAS,1,184,1.593308568,0.548121393,6.608418465,4.019438744,1.386294365,1.098612309,2.07083869,0,0,0.693147182,0.548121393,0,4.933655739,1.386294365,0,2.21210885,0,0,0,0.405465096,0.91629076,2.302585125,1.945910096,1.098612309,0.693147182,0.693147182,3.218094826
Mastozoologia,CIENCIAS,1,185,0.693147182,0.900161326,5.452105522,2.728811502,1.098612309,1.098612309,1.809641361,0,0,0,0.900161326,0,3.609129667,0,0,2.274119854,0,0,0,0,0,0,0,1.609437943,0,0,4.051639557
MES,SOCIALES,4,186,1.316408277,1.894616842,6.505023956,2.827192783,1.609437943,0.693147182,0,0,1.945910096,0,1.894616842,0,4.542252541,0.693147182,0,0.869741678,1.098612309,0.693147182,0,1.252762914,0.91629076,0,0,0.693147182,1.386294365,1.791759491,3.47522974
Micologiam,SALUD,3,187,1.822935104,0.548121393,6.780272007,4.437924385,1.609437943,0.693147182,2.07083869,0,0,0,0.548121393,0.693147182,6.597309589,0.693147182,0.693147182,2.560224056,0,0,0,0,1.178655028,3.178053856,2.890371799,1.098612309,0.693147182,0,1.800712705
Micologiame,CIENCIAS,1,188,1.241268635,1.646733642,6.611785889,4.810037136,2.397895336,1.098612309,2.07083869,0,0,0,1.646733642,1.098612309,6.009739399,0.693147182,0.693147182,1.773357034,0,0,0,1.386294365,1.504077435,2.708050251,2.708050251,1.386294365,1.386294365,1.098612309,5.386698246
Microbiologia,CIENCIAS,1,189,1.432700753,2.102913857,6.529025078,5.477063179,1.609437943,1.386294365,2.07083869,0,0,0,2.102913857,1.609437943,6.965912342,0.693147182,0.693147182,3.067950726,0,0,0,1.504077435,1.178655028,2.890371799,2.302585125,2.302585125,0.693147182,1.386294365,5.59937191
Micro,SOCIALES,4,190,1.495148778,0,7.227436066,2.672382355,1.791759491,1.386294365,2.838749647,0,0,0,0,0,0,0,1.098612309,1.241286397,0,1.098612309,0,0,1.178655028,0.693147182,0.693147182,1.098612309,1.386294365,0,0
MED,CIENCIAS,1,191,2.079441547,0,7.664216042,0.693147182,2.079441547,1.386294365,2.797552586,1.098612309,1.098612309,1.098612309,0,0,0,0,0,1.984703541,0,0,0,0.405465096,1.609437943,2.079441547,1.386294365,1.386294365,1.945910096,0.693147182,3.359952688
NSSR,SALUD,3,192,1.682688355,0,7.046651363,3.23905158,2.079441547,0,2.07083869,1.945910096,1.945910096,0,0,0,5.95714283,0,0,1.804024816,1.098612309,0,0,0.91629076,1.011600971,1.945910096,1.386294365,0,0,1.386294365,0
Ocio,SOCIALES,4,193,1.316408277,0,5.343405247,0.693147182,1.609437943,1.098612309,2.07083869,1.098612309,0,0,0,0,4.587610722,0,0,0,0,0,0,0.405465096,1.011600971,0,0,1.386294365,1.098612309,0.693147182,0
PDLE,SOCIALES,4,194,1.432700753,0,6.774546146,0.693147182,1.386294365,0.693147182,2.698871136,0,0,0.693147182,0,0,0,0,0,0,1.098612309,0,0,0.405465096,0.405465096,0,0,1.098612309,0.693147182,0.693147182,4.042096138
PES,SOCIALES,4,195,1.366091609,1.366091609,6.518022537,1.620485902,1.791759491,0.693147182,2.07083869,0,0,1.386294365,1.366091609,0,4.889716625,0.693147182,0,0,0,0,0,0,0.810930192,0,0,1.098612309,0.693147182,0,3.616877556
PSSS,SALUD,3,196,1.731655598,0,6.966447353,0.693147182,1.609437943,1.098612309,2.380313635,1.098612309,1.098612309,0.693147182,0,0,3.910037279,1.386294365,0,1.617624283,0,0,0,0,0.91629076,0,0,1.609437943,0,0,4.659002781
PFA,INGENIERIA,2,197,1.896119475,1.432700753,7.081877708,5.07902813,2.564949274,1.386294365,2.909412146,1.945910096,2.397895336,2.639057398,1.432700753,0,8.149597168,0.693147182,1.098612309,3.354590416,0,1.098612309,0,1.252762914,1.558144569,2.995732307,2.302585125,2.708050251,0,0.693147182,5.685536385
PNM,CIENCIAS,1,198,1.098612309,1.098612309,4.432831287,4.641765594,2.079441547,1.386294365,0,0,0,0,1.098612309,0.693147182,5.771466732,0,0,1.571177125,0,0,0,1.386294365,0.91629076,1.098612309,1.098612309,1.791759491,0.693147182,0,4.874917984
PECET,SALUD,3,199,2.449279547,2.524928331,7.747242451,5.217302322,2.302585125,1.386294365,2.638545036,1.098612309,0,1.098612309,2.524928331,1.945910096,8.341115952,1.098612309,1.098612309,3.321276188,0,0,0,1.791759491,1.945910096,4.127134323,2.995732307,2.079441547,0.693147182,2.397895336,3.873564959
Ofidismo,SALUD,3,200,2.239645243,1.432700753,7.399786949,3.088218212,2.079441547,1.386294365,2.248443365,1.098612309,1.098612309,1.609437943,1.432700753,1.609437943,6.101224899,0,0,3.276124239,0,0,0,1.252762914,1.945910096,3.526360512,2.833213329,2.397895336,1.609437943,0.693147182,5.439314842
PS,SALUD,3,201,2.529720783,0.693147182,7.410704613,0.693147182,1.609437943,1.386294365,2.248443365,1.609437943,1.098612309,1.098612309,0.693147182,0,3.393087864,1.386294365,0,0.69658488,1.609437943,0,0,0.405465096,0.693147182,0,0,1.791759491,1.098612309,0.693147182,4.297688484
PPF,SALUD,3,202,1.435084581,0.693147182,6.503170967,2.488109112,1.791759491,1.098612309,1.809641361,0,0,0,0.693147182,0,5.823352337,0,0,1.500177622,0,0,0,0,0.693147182,2.197224617,2.197224617,1.386294365,0,0,0.99558574
Psicoanalisis,SOCIALES,4,203,2.214846134,0.900161326,6.986804485,0.693147182,1.386294365,0.693147182,2.248443365,1.098612309,0,0,0.900161326,0,2.5735991,0,0,0,0,1.098612309,0,0.693147182,1.321755886,0,0,2.484906673,0.693147182,1.098612309,3.44109726
Psicologiad,SOCIALES,4,204,0.693147182,1.646733642,5.48855114,0.693147182,1.386294365,0.693147182,1.809641361,0,1.609437943,0,1.646733642,0,0,0.693147182,0,0,0,0,0,0,0.405465096,0,0,0.693147182,0.693147182,0,3.249852419
Psicologiasyp,SOCIALES,4,205,1.941615224,1.495148778,6.979873657,2.336745977,1.386294365,1.386294365,2.483749628,0,0,0.693147182,1.495148778,0.693147182,2.864374638,1.098612309,0,0.454486459,0,0,0,0.405465096,0.91629076,0,0,2.197224617,1.386294365,0.693147182,5.077090263
PSYCONEX,SOCIALES,4,206,1.004301667,1.004301667,6.437561989,0.693147182,1.791759491,0,0,0,0,0,1.004301667,0,0,0,0,0,0,0,0,0,0,0,0,0,0,0,0
QPC,CIENCIAS,1,207,1.098612309,0,6.566906452,0.693147182,1.791759491,0,1.809641361,0,0,0.693147182,0,0,0,1.098612309,0.693147182,1.799725533,0,0,0,0,0.91629076,2.944438934,2.397895336,0,0.693147182,0,0
Quirema,CIENCIAS,1,208,2.302585125,1.791759491,7.852376461,3.467721224,1.609437943,1.386294365,2.07083869,2.197224617,3.218875885,0,1.791759491,0,7.602301598,1.609437943,1.098612309,3.114951372,0,0,1.791759491,1.252762914,1.791759491,4.007333279,3.135494232,2.079441547,1.386294365,0.693147182,4.976442814
QOPN,CIENCIAS,1,209,1.745715499,0,7.739253044,3.588795185,2.197224617,1.386294365,1.809641361,1.098612309,0,0,0,0,6.789155006,0.693147182,0.693147182,2.42133379,0,0,1.098612309,0.91629076,1.252762914,1.386294365,1.386294365,1.945910096,0.693147182,0.693147182,3.816615582
Recursos,SOCIALES,4,210,1.280933857,1.593308568,6.744889736,2.784806013,2.564949274,1.386294365,1.809641361,1.098612309,0,0,1.593308568,0,7.279245377,1.098612309,0,0,0,0,0,1.252762914,0.810930192,0,0,1.791759491,0.693147182,1.791759491,4.856436253
RAES,SOCIALES,4,211,1.822935104,0,6.78790617,0.693147182,1.386294365,0.693147182,2.07083869,1.609437943,0,0.693147182,0,0,3.682896376,0,0,1.734255791,1.098612309,0,0,0,1.098612309,0,0,0.693147182,1.609437943,0,3.503468037
Rehabilitacion,SALUD,3,212,2.084429026,1.536867261,7.258737564,3.939096451,2.197224617,1.098612309,2.875808716,1.098612309,0,1.098612309,1.536867261,0,5.454134941,0.693147182,0,2.179161787,0,0,0,0.693147182,1.252762914,2.079441547,1.791759491,0.693147182,0,1.098612309,4.509700298
RCyS,SOCIALES,4,213,1.316408277,0.548121393,6.629001617,0.693147182,1.791759491,0.693147182,2.638545036,2.397895336,2.397895336,2.564949274,0.548121393,1.098612309,0,0,0,0.454486459,0,0,0,1.098612309,1.704748034,0,0,0.693147182,1.386294365,1.609437943,3.409996986
RSS,SALUD,3,214,2.375835657,0,7.135622978,1.685001969,1.609437943,1.098612309,2.07083869,0,0,1.098612309,0,0,3.611027241,1.945910096,0,2.360442877,1.609437943,0,0,0.91629076,1.098612309,1.098612309,0.693147182,1.386294365,1.609437943,0.693147182,2.325695276
Rituales,SOCIALES,4,215,0.900161326,0.548121393,5.630431175,0.693147182,1.098612309,1.098612309,0,0,0,0,0.548121393,0,6.368999004,0.693147182,0,0,0,0,0,0,0.405465096,0,0,0.693147182,0.693147182,0,0
Saber,SOCIALES,4,216,1.137832999,0,6.206064224,0.693147182,2.197224617,0,2.07083869,1.098612309,0,0,0,0,0,1.386294365,0,0,0,0,0,0,0.693147182,0,0,0,1.098612309,0,0
SBB,SALUD,3,217,1.432700753,0,6.528420448,0.693147182,1.386294365,0.693147182,3.117721558,0,0,1.386294365,0,0,4.851355553,0.693147182,0,2.830725193,1.098612309,1.098612309,0,0,0.810930192,2.397895336,1.945910096,1.098612309,0.693147182,0,3.63403511
Smental,SALUD,3,218,2.163322926,0.548121393,7.376228333,3.946458817,2.079441547,1.386294365,2.380313635,1.609437943,0,1.386294365,0.548121393,0.693147182,4.923295975,0.693147182,0,1.775654912,1.609437943,0,0,2.014903069,0.559615791,1.609437943,1.098612309,2.302585125,0,2.639057398,4.416022301
SSyC,SALUD,3,219,1.241268635,0,6.629677773,5.239091873,1.791759491,1.098612309,1.809641361,0,1.098612309,1.386294365,0,0,4.398013592,0.693147182,0,0.454486459,0,0,0,0.693147182,0.559615791,0,0,1.609437943,0,1.098612309,4.552649498
Sambiente,SALUD,3,220,1.495148778,0.548121393,6.555518627,4.063939095,1.609437943,1.386294365,1.809641361,0,0,0,0.548121393,0.693147182,0.877366245,0.693147182,0,1.844054341,1.098612309,0,0,1.252762914,0.810930192,1.386294365,1.098612309,2.079441547,0.693147182,1.386294365,3.859375715
Scomunidad,SALUD,3,221,1.004301667,0.548121393,6.641490459,4.266115189,1.791759491,1.098612309,2.248443365,0,0,0,0.548121393,0.693147182,6.617274284,1.609437943,0,2.641525269,0,0,0,1.386294365,1.098612309,3.178053856,2.564949274,1.386294365,0,1.098612309,4.421271801
Ssociedad,SALUD,3,222,1.961502194,0.900161326,7.375440121,3.755779743,1.609437943,1.098612309,2.638545036,1.098612309,1.098612309,1.609437943,0.900161326,0.693147182,4.977543354,0.693147182,0,2.22177434,1.609437943,1.098612309,0,1.098612309,0,1.609437943,1.098612309,2.079441547,0,1.609437943,2.618148565
Ssostenibilidad,SALUD,3,223,1.202972293,1.098612309,6.29856348,0.693147182,1.791759491,0.693147182,2.797552586,1.098612309,0,0,1.098612309,0,6.424978733,0,0,2.796420574,0,1.098612309,0,0.405465096,0.91629076,1.609437943,1.098612309,0.693147182,1.386294365,0.693147182,3.364195585
Serhumano,SOCIALES,4,224,1.329723954,1.366091609,5.372936249,0.693147182,1.386294365,0,0,0,0,0,1.366091609,0,0,0.693147182,0,0,0,0,0,0,0,0,0,0,0,0,0
SICOSIS,CIENCIAS,1,225,1.934415817,0.900161326,7.259170532,0.693147182,2.197224617,0,1.809641361,1.098612309,1.609437943,0.693147182,0.900161326,0,0,0.693147182,0,0.69658488,0,0,0,0.693147182,0.91629076,1.609437943,1.609437943,0,1.386294365,1.098612309,0
SIDCOP,INGENIERIA,2,226,1.906575203,0.548121393,6.602068901,0.693147182,1.609437943,0,2.07083869,1.945910096,0,0,0.548121393,0,0,0.693147182,0,2.350002766,0,0,0,0.693147182,1.178655028,0,0,0,1.386294365,0,0
SINAPSIS,SALUD,3,227,0.548121393,0,4.891513824,0.693147182,1.098612309,0,0,0,0,0,0,0,0,0.693147182,0,0,0,0,0,0,0.405465096,0.693147182,0.693147182,0,0.693147182,0,0
Penitenciario,SOCIALES,4,228,0.693147182,0,5.365353107,1.35743022,1.609437943,0.693147182,1.809641361,1.098612309,0,0,0,0.693147182,3.150527,1.098612309,0,0,0,1.098612309,0,0,0.405465096,0,0,0.693147182,0.693147182,0,0
SISTEMIC,INGENIERIA,2,229,2.515274286,1.004301667,7.571279526,0.693147182,1.945910096,0,2.568000793,2.397895336,3.891820192,1.386294365,1.004301667,0,0,0.693147182,0,2.776451111,2.197224617,0,0,1.386294365,1.558144569,2.484906673,1.945910096,0,1.386294365,1.945910096,0
Sociantropologia,SALUD,3,230,1.536867261,0,5.971960545,1.499864936,1.386294365,1.098612309,2.568000793,0,1.609437943,0,0,0,5.446661949,0.693147182,0,0,0,0,0,0.405465096,0,0,0,1.609437943,0,0.693147182,4.052314758
Taxonomia,CIENCIAS,1,231,0.693147182,0,6.111060619,0.693147182,1.791759491,0.693147182,2.07083869,0,0,0,0,0,0,0,0,1.237010241,0,0,0,0.405465096,0.693147182,1.609437943,1.609437943,0.693147182,0,0.693147182,0.646082878
Toxicologia,SALUD,3,232,1.366091609,0,5.871091366,0.693147182,1.386294365,0,1.809641361,0,0,0,0,0,2.172000885,0,0,1.67560339,0,0,0,0,0,0,0,0,0,0,0
Trauma,SALUD,3,233,1.536867261,0.548121393,6.577512741,2.716609001,1.609437943,0.693147182,2.838749647,1.098612309,0,1.098612309,0.548121393,0,0,1.791759491,0,1.025284886,0,0,0,0,0.810930192,2.639057398,2.639057398,0,0.693147182,0,3.116178751
Uniplu,SOCIALES,4,234,2.459588766,2.417697906,7.395303726,2.665673971,2.639057398,1.098612309,2.875808716,1.098612309,0,2.302585125,2.417697906,0,2.613729,0,0,1.63703227,0,1.098612309,0,0.693147182,1.386294365,0,0,1.098612309,1.945910096,0,4.254138947
Unun,SALUD,3,235,2.066862822,0,6.913004875,3.111460209,1.386294365,0.693147182,2.483749628,0,0,0,0,0,0,1.609437943,0,2.021106005,1.098612309,0,0,0.405465096,0.405465096,0.693147182,0.693147182,1.098612309,0.693147182,0.693147182,3.118308544
Musicales,SOCIALES,4,236,1.329723954,0,5.83028698,3.224877357,1.791759491,0.693147182,0,0,0,0,0,0,4.465139866,0,0,0,0,0,0,0,0.405465096,0,0,0,0.693147182,0,3.813870668
Inorganica,CIENCIAS,1,237,1.098612309,0,6.465424538,0.693147182,1.609437943,1.098612309,0,0,0,0,0,0,0,1.386294365,0,0,0,0,0,0,0.693147182,0,0,1.098612309,1.098612309,0,4.046228886
Metodologia,CIENCIAS,1,238,0.693147182,0,6.076631546,0.693147182,0.693147182,0,0,0,0,0.693147182,0,0,0,1.098612309,0,0,0,0,0,0,0.405465096,0,0,0,0.693147182,0,0
Hermeneutica,SOCIALES,4,239,0.470003635,0,4.887310505,0.693147182,2.564949274,0,0,0,0,0.693147182,0,0,0,0.693147182,0,0,0,0,0,0,0.559615791,0,0,0,0,0,0
Sintesis,CIENCIAS,1,240,0.693147182,0,5.433006287,0.693147182,1.791759491,1.098612309,1.809641361,0,0,0,0,0,0,1.098612309,0,2.270478725,0,0,0,0,1.011600971,0,0,0.693147182,0,0,3.749059439
GDM,INGENIERIA,2,241,2.034705639,0,6.855073929,0.693147182,0.693147182,1.098612309,2.248443365,2.197224617,1.609437943,0,0,0,5.385694981,0.693147182,0,1.568962574,0,0,0.693147182,0,0.693147182,1.386294365,1.098612309,1.609437943,1.098612309,0,4.920090675
Somos palabra,SOCIALES,4,242,1.766441703,1.160020947,6.763134956,0.693147182,1.386294365,0.693147182,2.248443365,2.197224617,0,0.693147182,1.160020947,0,0,0,0,0.454486459,0,0,0,0.693147182,0.91629076,0,0,0,1.386294365,1.098612309,3.184894323
ERM,CIENCIAS,1,243,1.69744873,0,6.841126442,0.693147182,1.791759491,1.098612309,2.248443365,0,0,1.098612309,0,0,4.629742146,0,0,1.103193283,0,0,0,1.098612309,1.252762914,0,0,1.098612309,1.098612309,1.609437943,4.389141083
